fullName,parkCode,states,latitude,longitude,description_length,num_activities
Abraham Lincoln Birthplace National Historical Park,abli,KY,37.5858662,-85.67330523,392,15
Acadia National Park,acad,ME,44.409286,-68.247501,396,46
Adams National Historical Park,adam,MA,42.2553961,-71.01160356,298,8
African American Civil War Memorial,afam,DC,38.9166,-77.026,252,2
African Burial Ground National Monument,afbg,NY,40.71452681,-74.00447358,326,7
Agate Fossil Beds National Monument,agfo,NE,42.42170419,-103.753886,395,16
Ala Kahakai National Historic Trail,alka,HI,19.144668109,-155.890734294,387,43
Alagnak Wild River,alag,AK,59.05180188,-156.112002,361,12
Alaska Public Lands,anch,AK,61.2188,-149.894536,352,0
Alcatraz Island,alca,CA,37.82676234,-122.4230206,380,6
Aleutian Islands World War II National Historic Area,aleu,AK,53.9143,-166.5197,387,7
Alibates Flint Quarries National Monument,alfl,TX,35.5819662,-101.6717008,199,7
Allegheny Portage Railroad National Historic Site,alpo,PA,40.42977467,-78.57431622,387,13
Amache National Historic Site,amch,CO,38.04962,-102.32903,309,3
American Memorial Park,amme,MP,15.21680033,145.7231096,391,22
Amistad National Recreation Area,amis,TX,29.53539777,-101.075821,387,29
Anacostia Park,anac,DC,38.8782,-76.9703,234,15
Andersonville National Historic Site,ande,GA,32.19831758,-84.12988898,397,19
Andrew Johnson National Historic Site,anjo,TN,36.15624509,-82.83709021,399,5
Aniakchak National Monument & Preserve,ania,AK,56.85317675,-157.5544362,393,11
Antietam National Battlefield,anti,MD,39.46763452,-77.73828017,285,17
Apostle Islands National Lakeshore,apis,WI,46.96240467,-90.66045665,392,29
Appalachian National Scenic Trail,appa,"CT,GA,MA,MD,ME,NC,NH,NJ,NY,PA,TN,VA,VT,WV",40.41029575,-76.4337548,399,18
Appomattox Court House National Historical Park,apco,VA,37.38022164,-78.79856982,280,19
Arches National Park,arch,UT,38.72261844,-109.5863666,332,18
Arkansas Post National Memorial,arpo,AR,34.00389998,-91.30837178,203,25
"Arlington House, The Robert E. Lee Memorial",arho,VA,38.8822021484,-77.0734786987,383,3
Assateague Island National Seashore,asis,"MD,VA",38.05593172,-75.24524611,294,41
Aztec Ruins National Monument,azru,NM,36.83682216,-107.9999245,395,11
Badlands National Park,badl,SD,43.68584846,-102.482942,342,21
Baltimore-Washington Parkway,bawa,MD,39.02604289,-76.85410921,138,2
Bandelier National Monument,band,NM,35.77898596,-106.3317124,280,28
Belmont-Paul Women's Equality National Monument,bepa,DC,38.89231541,-77.00381882,395,7
Bent's Old Fort National Historic Site,beol,CO,38.03977546,-103.4266499,399,17
Bering Land Bridge National Preserve,bela,AK,65.96087902,-164.4086432,365,13
Big Bend National Park,bibe,TX,29.29817767,-103.2297897,397,24
Big Cypress National Preserve,bicy,FL,25.97079602,-81.08120629,383,34
Big Hole National Battlefield,biho,MT,45.64647324,-113.6458443,279,21
Big South Fork National River & Recreation Area,biso,"KY,TN",36.5348388,-84.66506688,390,31
Big Thicket National Preserve,bith,TX,30.457983431,-94.386742115,392,24
Bighorn Canyon National Recreation Area,bica,"MT,WY",45.13154227,-108.1443943,353,48
Birmingham Civil Rights National Monument,bicr,AL,33.5154266357,-86.814666748,365,3
Biscayne National Park,bisc,FL,25.490587,-80.21023851,399,24
Black Canyon Of The Gunnison National Park,blca,CO,38.57779869,-107.7242756,319,26
Blackstone River Valley National Historical Park,blrv,"RI,MA",41.8775792792,-71.382433945,392,13
Blackwell School National Historic Site,blsc,TX,30.3057966497568,-104.022553112857,385,0
Blue Ridge Parkway,blri,"NC,VA",35.5657195274,-82.486484587,395,19
Bluestone National Scenic River,blue,WV,37.56577087,-80.98366657,387,15
Booker T Washington National Monument,bowa,VA,37.11520539,-79.73185833,357,14
Boston African American National Historic Site,boaf,MA,42.35908295,-71.06764181,358,4
Boston Harbor Islands National Recreation Area,boha,MA,42.30905526,-70.93941138,390,20
Boston National Historical Park,bost,MA,42.36957407,-71.05536763,175,5
Brices Cross Roads National Battlefield Site,brcr,MS,34.50611958,-88.72889343,185,3
Brown v. Board of Education National Historical Park,brvb,KS,39.03787665,-95.67614437,394,4
Bryce Canyon National Park,brca,UT,37.58399144,-112.1826689,319,30
Buck Island Reef National Monument,buis,VI,17.81026717,-64.6222179,380,11
Buffalo National River,buff,AR,36.04116481,-92.90761584,315,27
Butterfield Overland National Historic Trail,buov,"MO,AR,OK,TX,NM,AZ,CA",32.2768237589,-106.796583304,387,0
Cabrillo National Monument,cabr,CA,32.6722503,-117.2415985,363,15
California National Historic Trail,cali,"CA,CO,ID,KS,MO,NE,NV,OR,UT,WY",42.3999643979,-108.702415369,396,9
Camp Nelson National Monument,cane,KY,37.7970179913,-84.598168306,380,5
Canaveral National Seashore,cana,FL,28.78637529,-80.75419576,361,21
Cane River Creole National Historical Park,cari,LA,31.65408447,-93.00131977,355,6
Canyon de Chelly National Monument,cach,AZ,36.14319567,-109.3388303,391,8
Canyonlands National Park,cany,UT,38.24555783,-109.8801624,302,22
Cape Cod National Seashore,caco,MA,41.92381465,-70.04319832,382,33
Cape Hatteras National Seashore,caha,NC,35.41370839,-75.65061112,395,28
Cape Henry Memorial Part of Colonial National Historical Park,came,VA,36.9278094,-76.0088219,372,2
Cape Krusenstern National Monument,cakr,AK,67.41499986,-163.5037786,400,14
Cape Lookout National Seashore,calo,NC,34.8267961,-76.34319082,390,23
Capitol Hill Parks,cahi,DC,38.889993,-76.990332,377,10
Capitol Reef National Park,care,UT,38.2821653131,-111.247048378,258,42
Captain John Smith Chesapeake National Historic Trail,cajo,"VA,MD,DE,DC,PA,NY",38.971601,-76.483355,400,34
Capulin Volcano National Monument,cavo,NM,36.78171096,-103.9710427,377,13
Carl Sandburg Home National Historic Site,carl,NC,35.26815509,-82.45106258,273,3
Carlisle Federal Indian Boarding School National Monument,cibs,PA,40.2094,-77.17971,347,0
Carlsbad Caverns National Park,cave,NM,32.14089463,-104.5529688,269,17
Carter G. Woodson Home National Historic Site,cawo,DC,38.91089286,-77.02431104,397,7
Casa Grande Ruins National Monument,cagr,AZ,32.99702582,-111.5325383,380,12
Castillo de San Marcos National Monument,casa,FL,29.89785701,-81.31217173,264,4
Castle Clinton National Monument,cacl,NY,40.70347795,-74.01680558,339,5
Castle Mountains National Monument,camo,CA,35.29156348,-115.0935606,383,4
Catoctin Mountain Park,cato,MD,39.65068457,-77.46417665,284,21
Cedar Breaks National Monument,cebr,UT,37.63545562,-112.845268,297,19
Cedar Creek & Belle Grove National Historical Park,cebe,VA,39.0093576,-78.30618934,383,8
Chaco Culture National Historical Park,chcu,NM,36.03963414,-107.9560076,369,5
Chamizal National Memorial,cham,TX,31.76729634,-106.4544011,356,15
Channel Islands National Park,chis,CA,33.98680093,-119.9112735,392,39
Charles Pinckney National Historic Site,chpi,SC,32.84577392,-79.82487582,386,16
Charles Young Buffalo Soldiers National Monument,chyo,OH,39.70817829,-83.89328575,354,7
Chattahoochee River National Recreation Area,chat,GA,33.99698333,-84.28953177,349,18
Chesapeake & Ohio Canal National Historical Park,choh,"DC,MD,WV",39.000283692,-77.2481399539,382,24
Chesapeake Bay,cbpo,"DC,DE,MD,NY,PA,VA,WV",38.971601,-76.483355,355,7
Chickamauga & Chattanooga National Military Park,chch,"GA,TN",34.94317623,-85.28749537,400,26
Chickasaw National Recreation Area,chic,OK,34.46050507,-97.00715669,107,36
Chiricahua National Monument,chir,AZ,32.01214618,-109.341607,356,15
Christiansted National Historic Site,chri,VI,17.7468,-64.7022,395,11
City Of Rocks National Reserve,ciro,ID,42.0699024,-113.7124097,356,41
Civil War Defenses of Washington,cwdw,"DC,MD,VA",38.9644,-77.0292,397,16
Clara Barton National Historic Site,clba,MD,38.96762882,-77.14009689,303,2
Colonial National Historical Park,colo,VA,37.22824435,-76.61998123,396,8
Colorado National Monument,colm,CO,39.05045016,-108.6920709,350,19
Coltsville National Historical Park,colt,CT,42.4677505493,-73.203666687,386,0
Congaree National Park,cong,SC,33.79187523,-80.74867805,382,26
Constitution Gardens,coga,DC,38.8909354,-77.04409306,366,1
Coronado National Memorial,coro,AZ,31.34900397,-110.2561574,378,14
Cowpens National Battlefield,cowp,SC,35.13160654,-81.80935433,270,11
Crater Lake National Park,crla,OR,42.94065854,-122.1338414,398,43
Craters Of The Moon National Monument & Preserve,crmo,ID,43.20345611,-113.4791609,229,22
Cumberland Gap National Historical Park,cuga,"KY,TN,VA",36.62503076,-83.6114083,397,11
Cumberland Island National Seashore,cuis,GA,30.85857484,-81.45253575,396,11
Curecanti National Recreation Area,cure,CO,38.46584558,-107.3303371,308,44
Cuyahoga Valley National Park,cuva,OH,41.26093905,-81.57116722,392,29
César E. Chávez National Monument,cech,CA,35.22729389,-118.5615781,393,5
Dayton Aviation Heritage National Historical Park,daav,OH,39.78944467,-84.10442045,391,8
De Soto National Memorial,deso,FL,27.52272613,-82.64335416,396,9
Death Valley National Park,deva,"CA,NV",36.48753731,-117.134395,384,27
Delaware Water Gap National Recreation Area,dewa,"NJ,PA",41.12793491,-74.94751173,383,38
Denali National Park & Preserve,dena,AK,63.29777484,-151.0526568,384,34
Devils Postpile National Monument,depo,CA,37.6152564,-119.0873903,387,13
Devils Tower National Monument,deto,WY,44.59064655,-104.7156341,381,13
Dinosaur National Monument,dino,"CO,UT",40.50739742,-108.9333714,397,30
Dry Tortugas National Park,drto,FL,24.628741,-82.87319,399,18
Dwight D. Eisenhower Memorial,ddem,DC,38.8869476647,-77.018737554,107,2
Ebey's Landing National Historical Reserve,ebla,WA,48.21403036,-122.6877213,376,33
Edgar Allan Poe National Historic Site,edal,PA,39.96195482,-75.1500062,400,2
Effigy Mounds National Monument,efmo,IA,43.08095081,-91.19687517,370,9
Eisenhower National Historic Site,eise,PA,39.79577592,-77.26508101,400,10
El Camino Real de Tierra Adentro National Historic Trail,elca,"NM,TX",33.7990672546,-106.866386195,242,7
El Camino Real de los Tejas National Historic Trail,elte,"TX,LA",30.0922964581,-97.3397666725,275,4
El Malpais National Monument,elma,NM,34.88422799,-107.9950948,389,17
El Morro National Monument,elmo,NM,35.03895916,-108.3463984,389,19
Eleanor Roosevelt National Historic Site,elro,NY,41.76208482,-73.89894026,354,7
Ellis Island Part of Statue of Liberty National Monument,elis,"NJ,NY",40.69946,-74.0401,314,11
Emmett Till and Mamie Till-Mobley National Monument,till,"IL,MS",33.9711,-90.3698,395,2
Eugene O'Neill National Historic Site,euon,CA,37.82604456,-122.0271566,359,8
Everglades National Park,ever,FL,25.37294225,-80.88200301,390,46
Federal Hall National Memorial,feha,NY,40.70731192,-74.01025636,335,6
Fire Island National Seashore,fiis,NY,40.69668638,-73.00013462,390,18
First Ladies National Historic Site,fila,OH,40.79689857,-81.37579869,252,7
First State National Historical Park,frst,"DE,PA",39.83076929,-75.56353942,297,15
Flight 93 National Memorial,flni,PA,40.06061476,-78.89456905,337,7
Florissant Fossil Beds National Monument,flfo,CO,38.91260586,-105.2803396,283,17
Ford's Theatre National Historic Site,foth,DC,38.89668819,-77.02577944,370,4
Fort Bowie National Historic Site,fobo,AZ,32.14925942,-109.451132,345,9
Fort Davis National Historic Site,foda,TX,30.59930381,-103.8961904,306,19
Fort Donelson National Battlefield,fodo,"KY,TN",36.49019078,-87.92445695,397,8
Fort Dupont Park,fodu,DC,38.87731289,-76.94955824,311,8
Fort Foote Park,fofo,MD,38.76901785,-77.02812387,234,1
Fort Frederica National Monument,fofr,GA,31.2214699,-81.39452014,356,7
Fort Laramie National Historic Site,fola,WY,42.20301694,-104.5459112,354,14
Fort Larned National Historic Site,fols,KS,38.18047491,-99.21836664,273,11
Fort Matanzas National Monument,foma,FL,29.7121489,-81.23567535,375,7
Fort McHenry National Monument and Historic Shrine,fomc,MD,39.26395314,-76.58044165,400,34
Fort Monroe National Monument,fomr,VA,37.01733343,-76.30103195,355,17
Fort Necessity National Battlefield,fone,PA,39.81306048,-79.59033344,282,18
Fort Point National Historic Site,fopo,CA,37.80837439,-122.473747,291,7
Fort Pulaski National Monument,fopu,GA,32.0308274,-80.93361681,393,19
Fort Raleigh National Historic Site,fora,NC,35.93278602,-75.71496865,400,7
Fort Scott National Historic Site,fosc,KS,37.84358849,-94.70429174,387,8
Fort Smith National Historic Site,fosm,"AR,OK",35.38834746,-94.43129079,388,7
Fort Stanwix National Monument,fost,NY,43.21053441,-75.45557626,399,25
Fort Sumter and Fort Moultrie National Historical Park,fosu,SC,32.75654469,-79.87068744,400,23
Fort Union National Monument,foun,NM,35.90700629,-105.0145185,328,7
Fort Union Trading Post National Historic Site,fous,"MT,ND",48.00075828,-104.0375238,392,14
Fort Vancouver National Historic Site,fova,"OR,WA",45.62234841,-122.6617043,393,15
Fort Washington Park,fowa,MD,38.7117,-77.0302,247,8
Fossil Butte National Monument,fobu,WY,41.85635223,-110.7624754,364,7
Frances Perkins National Monument,frpe,ME,44.0052,-69.5568,385,0
Franklin Delano Roosevelt Memorial,frde,DC,38.88341274,-77.04311542,213,8
Frederick Douglass National Historic Site,frdo,DC,38.86298458,-76.98508147,387,7
Frederick Law Olmsted National Historic Site,frla,MA,42.32424266,-71.13202567,400,6
Fredericksburg & Spotsylvania National Military Park,frsp,VA,38.29378,-77.46734,398,15
Freedom Riders National Monument,frri,AL,33.635269165,-85.9064331055,394,4
Friendship Hill National Historic Site,frhi,PA,39.77543423,-79.92504169,371,11
Gates Of The Arctic National Park & Preserve,gaar,AK,67.75961636,-153.2917758,369,16
Gateway Arch National Park,jeff,MO,38.6258069,-90.1892508,276,15
Gateway National Recreation Area,gate,"NY,NJ",40.56536246,-73.9171087,396,9
Gauley River National Recreation Area,gari,WV,38.20614947,-81.00420836,307,10
General Grant National Memorial,gegr,NY,40.81332817,-73.96331542,390,6
George Rogers Clark National Historical Park,gero,IN,38.67912659,-87.53545212,399,15
George Washington Birthplace National Monument,gewa,VA,38.19362603,-76.92079458,385,14
George Washington Carver National Monument,gwca,MO,36.9871322,-94.35522737,284,13
George Washington Memorial Parkway,gwmp,"DC,MD,VA",38.9628,-77.1495,313,8
Gettysburg National Military Park,gett,PA,39.81557366,-77.23246758,365,22
Gila Cliff Dwellings National Monument,gicl,NM,33.22715258,-108.2706711,391,21
Glacier Bay National Park & Preserve,glba,AK,58.80086718,-136.8407579,363,31
Glacier National Park,glac,MT,48.68414678,-113.8009306,305,45
Glen Canyon National Recreation Area,glca,"AZ,UT",36.9357464677,-111.485594268,352,28
Glen Echo Park,glec,MD,38.96912315,-77.14012206,397,6
Gloria Dei Church National Historic Site,glde,PA,39.93435005,-75.14398924,199,1
Golden Gate National Recreation Area,goga,CA,37.85982543,-122.6007386,399,26
Golden Spike National Historical Park,gosp,UT,41.61947508,-112.5242653,361,14
Governors Island National Monument,gois,NY,40.69164233,-74.01670765,370,10
Grand Canyon National Park,grca,AZ,36.0001165336,-112.121516363,387,32
Grand Canyon-Parashant National Monument,para,AZ,36.41535465,-113.6682797,400,10
Grand Portage National Monument,grpo,MN,47.99294217,-89.75573031,399,28
Grand Teton National Park,grte,WY,43.81853565,-110.7054666,344,54
Grant-Kohrs Ranch National Historic Site,grko,MT,46.41358923,-112.7467024,327,11
Great Basin National Park,grba,NV,38.94617378,-114.2579782,396,35
Great Egg Harbor River,greg,NJ,39.3042,-74.6497,400,24
Great Falls Park,grfa,VA,38.98776107,-77.25128326,373,5
Great Sand Dunes National Park & Preserve,grsa,CO,37.79256812,-105.5919572,329,56
Great Smoky Mountains National Park,grsm,"NC,TN",35.60116374,-83.50818326,363,36
Green Springs,grsp,VA,38.037099,-78.189823,394,3
Greenbelt Park,gree,MD,38.98328267,-76.89722133,102,9
Guadalupe Mountains National Park,gumo,TX,31.92304462,-104.885527,382,20
Guilford Courthouse National Military Park,guco,NC,36.13225478,-79.8424561,352,14
Gulf Islands National Seashore,guis,"FL,MS",30.3211,-87.2304,210,44
Hagerman Fossil Beds National Monument,hafo,ID,42.79074114,-114.9443074,366,14
Haleakalā National Park,hale,HI,20.70693015,-156.1591775,374,8
Hamilton Grange National Memorial,hagr,NY,40.81871605,-73.94878487,332,7
Hampton National Historic Site,hamp,MD,39.4175296,-76.58781182,363,20
Harmony Hall,haha,MD,38.74646351,-77.00377069,393,2
Harpers Ferry National Historical Park,hafe,"WV,VA,MD",39.31865949,-77.74088546,363,6
Harriet Tubman National Historical Park,hart,NY,42.9128920287,-76.5646715462,392,5
Harriet Tubman Underground Railroad National Historical Park,hatu,MD,38.4548643511,-76.1373451376,393,6
Harry S Truman National Historic Site,hstr,MO,38.92711967,-94.5162488,331,7
Hawaiʻi Volcanoes National Park,havo,HI,19.3355036,-155.4700257,364,17
Herbert Hoover National Historic Site,heho,IA,41.66793558,-91.35232139,393,13
Historic Jamestowne Part of Colonial National Historical Park,jame,VA,37.2065,-76.7538,391,5
Home Of Franklin D Roosevelt National Historic Site,hofr,NY,41.76639758,-73.92516857,389,6
Homestead National Historical Park,home,NE,40.28802381,-96.83387781,397,15
Honouliuli National Historic Site,hono,HI,21.38817536,-158.0574991,251,2
Hopewell Culture National Historical Park,hocu,OH,39.31594374,-83.08049456,390,11
Hopewell Furnace National Historic Site,hofu,PA,40.20610637,-75.76766355,352,30
Horseshoe Bend National Military Park,hobe,AL,32.97668879,-85.73413589,368,38
Hot Springs National Park,hosp,AR,34.52414366,-93.06332936,399,20
Hovenweep National Monument,hove,"CO,UT",37.39134092,-109.0047977,338,8
Hubbell Trading Post National Historic Site,hutr,AZ,35.70727324,-109.5599515,399,5
Ice Age Floods National Geologic Trail,iafl,"WA,OR,ID,MT",46.5669309008,-118.992564971,389,4
Ice Age National Scenic Trail,iatr,WI,43.9895697794,-89.5612021706,355,11
Independence National Historical Park,inde,PA,39.94746112,-75.14794157,316,8
Indiana Dunes National Park,indu,IN,41.63765525,-87.09647445,399,35
Isle Royale National Park,isro,MI,48.01145819,-88.82780657,384,35
Iñupiat Heritage Center,inup,AK,71.29832445,-156.7535863,395,2
James A Garfield National Historic Site,jaga,OH,41.66486549,-81.35086557,395,7
Jean Lafitte National Historical Park and Preserve,jela,LA,29.81739855,-90.1402241,397,24
Jewel Cave National Monument,jeca,SD,43.73102945,-103.829994,396,10
Jimmy Carter National Historical Park,jica,GA,32.03611,-84.3924,305,8
John Day Fossil Beds National Monument,joda,OR,44.62566508,-119.8811491,396,6
John Fitzgerald Kennedy National Historic Site,jofi,MA,42.34693694,-71.12323846,369,6
John Muir National Historic Site,jomu,CA,37.9828422,-122.1326097,391,7
Johnstown Flood National Memorial,jofl,PA,40.34584534,-78.77448601,377,5
Joshua Tree National Park,jotr,CA,33.91418525,-115.8398125,399,29
Juan Bautista de Anza National Historic Trail,juba,"AZ,CA",33.8743390994,-117.224179857,363,16
Kalaupapa National Historical Park,kala,HI,21.1731108,-156.9511609,394,3
Kaloko-Honokōhau National Historical Park,kaho,HI,19.68083237,-156.0306932,300,14
Katahdin Woods and Waters National Monument,kaww,ME,45.9567565918,-68.7122879028,230,22
Katmai National Park & Preserve,katm,AK,58.62235668,-155.0126574,386,23
Kenai Fjords National Park,kefj,AK,59.81804414,-150.106502,340,38
Kenilworth Park & Aquatic Gardens,keaq,DC,38.9128,-76.9434,377,13
Kennesaw Mountain National Battlefield Park,kemo,GA,33.95370717,-84.59214186,319,8
Keweenaw National Historical Park,kewe,MI,47.1792308,-88.52275344,386,15
Kings Mountain National Military Park,kimo,SC,35.13900723,-81.38978712,349,5
Klondike Gold Rush - Seattle Unit National Historical Park,klse,WA,47.5993663,-122.3319664,352,5
Klondike Gold Rush National Historical Park,klgo,AK,59.61042373,-135.2618535,297,24
Knife River Indian Villages National Historic Site,knri,ND,47.3540219,-101.3860533,277,23
Kobuk Valley National Park,kova,AK,67.35631336,-159.2002293,396,19
Korean War Veterans Memorial,kowa,DC,38.88784226,-77.04773857,166,3
LBJ Memorial Grove on the Potomac,lyba,DC,38.87858036,-77.05145832,399,9
Lake Clark National Park & Preserve,lacl,AK,60.57405857,-153.55535,298,39
Lake Mead National Recreation Area,lake,"AZ,NV",35.96622528,-114.3469067,292,48
Lake Meredith National Recreation Area,lamr,TX,35.61926203,-101.6820066,393,20
Lake Roosevelt National Recreation Area,laro,WA,48.17148735,-118.3513713,390,32
Lassen Volcanic National Park,lavo,CA,40.49354575,-121.4075993,235,47
Lava Beds National Monument,labe,CA,41.75915823,-121.5172189,382,28
Lewis & Clark National Historic Trail,lecl,"IA,ID,IL,IN,KS,KY,MO,MT,NE,ND,OH,OR,PA,SD,WA,WV",41.2646141052,-95.9245147705,381,14
Lewis and Clark National Historical Park,lewi,"OR,WA",46.21178735,-123.9638583,324,21
Lincoln Boyhood National Memorial,libo,IN,38.11817004,-86.99656861,281,18
Lincoln Home National Historic Site,liho,IL,39.79715642,-89.64513397,384,18
Lincoln Memorial,linc,DC,38.88927229,-77.05017778,259,6
Little Bighorn Battlefield National Monument,libi,MT,45.55633048,-107.4183614,399,9
Little River Canyon National Preserve,liri,AL,34.41461863,-85.61734327,390,29
Little Rock Central High School National Historic Site,chsc,AR,34.7369465,-92.29987899,387,6
Longfellow House Washington's Headquarters National Historic Site,long,MA,42.37698854,-71.12636956,377,9
Lowell National Historical Park,lowe,MA,42.6455371,-71.31588673,356,17
Lower Delaware National Wild and Scenic River,lode,"PA,NJ",40.4000389,-74.983737,344,10
Lower East Side Tenement Museum National Historic Site,loea,NY,40.7187683,-73.99001245,396,8
Lyndon B Johnson National Historical Park,lyjo,TX,30.2519655,-98.60692433,346,7
Maggie L Walker National Historic Site,mawa,VA,37.54781499,-77.43746979,387,5
Maine Acadian Culture,maac,ME,47.25102114,-68.59447532,392,4
Mammoth Cave National Park,maca,KY,37.19760458,-86.13090198,285,35
Manassas National Battlefield Park,mana,VA,38.81710063,-77.5353468,325,9
Manhattan Project National Historical Park,mapr,"NM,WA,TN",35.88096,-106.30214,387,4
Manzanar National Historic Site,manz,CA,36.72559195,-118.1547177,348,15
Marsh - Billings - Rockefeller National Historical Park,mabi,VT,43.63348732,-72.53424638,366,26
"Martin Luther King, Jr. Memorial",mlkm,DC,38.8862276865,-77.0442195534,302,6
"Martin Luther King, Jr. National Historical Park",malu,GA,33.75618241,-84.37256768,395,6
Martin Van Buren National Historic Site,mava,NY,42.36819596,-73.70834257,390,12
Mary McLeod Bethune Council House National Historic Site,mamc,DC,38.90819107,-77.03096742,397,7
Medgar and Myrlie Evers Home National Monument,memy,MS,32.34096274,-90.21264553,393,0
Mesa Verde National Park,meve,CO,37.23908345,-108.4624032,397,20
Mill Springs Battlefield National Monument,misp,KY,37.0688158602,-84.7375361304,231,5
Minidoka National Historic Site,miin,"ID,WA",42.678,-114.2465,394,4
Minute Man National Historical Park,mima,MA,42.4562778,-71.30738884,269,8
Minuteman Missile National Historic Site,mimi,SD,43.89558013,-102.0272131,390,6
Mississippi National River & Recreation Area,miss,MN,44.942487,-93.098712,353,26
Missouri National Recreational River,mnrr,"SD,NE",42.7882189,-97.59077822,354,44
Mojave National Preserve,moja,CA,35.12485941,-115.5168258,388,32
Monocacy National Battlefield,mono,MD,39.36084236,-77.39637677,387,18
Montezuma Castle National Monument,moca,AZ,34.62237771,-111.8147857,301,14
Moores Creek National Battlefield,mocr,NC,34.45820776,-78.11031134,384,14
Mormon Pioneer National Historic Trail,mopi,"IL,IA,NE,UT,WY",41.2650321741,-101.84083756,188,9
Morristown National Historical Park,morr,NJ,40.7650755,-74.53455122,385,20
Mount Rainier National Park,mora,WA,46.86075416,-121.7043885,399,36
Mount Rushmore National Memorial,moru,SD,43.88037021,-103.4525186,398,10
Muir Woods National Monument,muwo,CA,37.89658027,-122.5808047,343,9
Natchez National Historical Park,natc,MS,31.54697621,-91.39040665,201,7
Natchez Trace National Scenic Trail,natt,"AL,MS,TN",34.330290333,-88.7100104094,299,3
Natchez Trace Parkway,natr,"AL,MS,TN",33.78002293,-89.03092439,388,29
National Capital Parks-East,nace,DC,38.8659,-76.994,379,1
National Mall and Memorial Parks,nama,DC,38.8899,-77.026,387,18
National Park of American Samoa,npsa,AS,-14.22865935,-169.8503777,295,21
National Parks of New York Harbor,npnh,NY,40.6632,-74.0451,389,37
Natural Bridges National Monument,nabr,UT,37.6045329,-110.0022436,373,8
Navajo National Monument,nava,AZ,36.71755643,-110.5504015,383,13
New Bedford Whaling National Historical Park,nebe,MA,41.63540552,-70.92322321,398,3
New England National Scenic Trail,neen,"MA,CT",42.2915819137,-72.5242767334,396,8
New Jersey Pinelands National Reserve,pine,NJ,39.9384,-74.625,387,0
New Orleans Jazz National Historical Park,jazz,LA,29.96303129,-90.06749669,397,9
New Philadelphia National Historic Site,neph,IL,39.69803,-90.96131,373,1
New River Gorge National Park & Preserve,neri,WV,37.86878554,-80.99956002,300,46
Nez Perce National Historical Park,nepe,"ID,MT,OR,WA",46.07019093,-115.8761258,399,18
Nicodemus National Historic Site,nico,KS,39.39167606,-99.61680329,347,5
Ninety Six National Historic Site,nisi,SC,34.14273587,-82.01636079,304,23
Niobrara National Scenic River,niob,NE,42.79413083,-99.91870646,383,21
Noatak National Preserve,noat,AK,68.01027053,-159.831694,365,19
North Cascades National Park,noca,WA,48.71171756,-121.2069423,375,30
North Country National Scenic Trail,noco,"MI,MN,ND,NY,OH,PA,VT,WI",46.334400743,-90.8165630499,377,18
Obed Wild & Scenic River,obed,TN,36.1056026037,-84.5979170501,388,15
Ocmulgee Mounds National Historical Park,ocmu,GA,32.83816576,-83.60224853,398,14
Oklahoma City National Memorial,okci,OK,35.473,-97.5171,321,3
Old Spanish National Historic Trail,olsp,"AZ,CA,CO,NV,NM,UT",37.0791782514,-112.114693431,280,6
Olympic National Park,olym,WA,47.80392754,-123.6663848,387,54
Oregon Caves National Monument & Preserve,orca,OR,42.10319143,-123.4018586,298,25
Oregon National Historic Trail,oreg,"ID,KS,MO,NE,OR,WA,WY",41.9876977831,-109.634200841,357,9
Organ Pipe Cactus National Monument,orpi,AZ,32.03585543,-112.8573314,393,29
Overmountain Victory National Historic Trail,ovvi,"NC,SC,TN,VA",35.14044,-81.377,395,19
Oxon Cove Park & Oxon Hill Farm,oxhi,MD,38.80578214,-77.01131457,332,13
Ozark National Scenic Riverways,ozar,MO,37.13968894,-91.25709817,395,42
Padre Island National Seashore,pais,TX,27.05381186,-97.35901135,394,25
Palo Alto Battlefield National Historical Park,paal,TX,26.02387351,-97.46296072,329,18
Paterson Great Falls National Historical Park,pagr,NJ,40.91584645,-74.18021494,397,6
Pea Ridge National Military Park,peri,AR,36.45438033,-94.03468357,313,17
Pearl Harbor National Memorial,valr,HI,21.3670699388,-157.938578898,328,7
Pecos National Historical Park,peco,NM,35.54192238,-105.6814684,399,14
Pennsylvania Avenue,paav,DC,38.89426856,-77.02506554,183,2
Perry's Victory & International Peace Memorial,pevi,OH,41.65449782,-82.8115794,353,22
Petersburg National Battlefield,pete,VA,37.19109957,-77.47594865,335,17
Petrified Forest National Park,pefo,AZ,34.98387664,-109.7877678,395,37
Petroglyph National Monument,petr,NM,35.13915998,-106.7491456,399,8
Pictured Rocks National Lakeshore,piro,MI,46.56435642,-86.31628733,358,51
Pinnacles National Park,pinn,CA,36.49029208,-121.1813607,343,26
Pipe Spring National Monument,pisp,AZ,36.86282666,-112.7398567,365,20
Pipestone National Monument,pipe,MN,44.01351958,-96.32475523,206,15
Piscataway Park,pisc,MD,38.6929,-77.067,335,2
Point Reyes National Seashore,pore,CA,38.05511241,-122.8797804,398,18
Pony Express National Historic Trail,poex,"CA,CO,KS,MO,NE,NV,UT,WY",42.2365761128,-109.266148417,309,11
Port Chicago Naval Magazine National Memorial,poch,CA,38.05685472,-122.0301603,395,2
Potomac Heritage National Scenic Trail,pohe,"DC,MD,PA,VA",39.15060133,-77.52301085,180,6
Poverty Point National Monument,popo,LA,32.6424361,-91.40829834,390,4
President William Jefferson Clinton Birthplace Home National Historic Site,wicl,AR,33.66758356,-93.59641868,396,8
Presidio of San Francisco,prsf,CA,37.797,-122.4671,391,10
Prince William Forest Park,prwi,VA,38.58589108,-77.38910997,392,29
Pullman National Historical Park,pull,IL,41.69429163,-87.60873824,293,7
Puʻuhonua o Hōnaunau National Historical Park,puho,HI,19.41268627,-155.9008789,379,15
Puʻukoholā Heiau National Historic Site,puhe,HI,20.02772186,-155.8211629,399,13
Rainbow Bridge National Monument,rabr,UT,37.0779,-110.9655,380,6
Reconstruction Era National Historical Park,reer,SC,32.3868598938,-80.6511077881,399,6
Redwood National and State Parks,redw,CA,41.37237268,-124.0318129,362,39
Richmond National Battlefield Park,rich,VA,37.48774472,-77.29107785,273,11
Rio Grande Wild & Scenic River,rigr,TX,29.881,-102.3188,343,15
River Raisin National Battlefield Park,rira,MI,41.91291085,-83.37620464,395,40
Rock Creek Park,rocr,DC,38.95125063,-77.05002838,384,27
Rocky Mountain National Park,romo,CO,40.3556924,-105.6972879,363,22
Roger Williams National Memorial,rowi,RI,41.8298955,-71.41056665,396,12
Roosevelt Campobello International Park,roca,ME,44.8736,-66.9621,397,1
Rosie the Riveter WWII Home Front National Historical Park,rori,CA,37.90999027,-122.360156,277,7
Russell Cave National Monument,ruca,AL,34.97402063,-85.81560314,393,11
Sagamore Hill National Historic Site,sahi,NY,40.88579128,-73.49686438,373,26
Saguaro National Park,sagu,AZ,32.20909636,-110.7574974,394,14
Saint Croix Island International Historic Site,sacr,ME,45.12858838,-67.13363651,394,3
Saint Croix National Scenic Riverway,sacn,"WI,MN",45.70019235,-92.36126685,349,21
Saint Paul's Church National Historic Site,sapa,NY,40.89283511,-73.82577276,397,9
Saint-Gaudens National Historical Park,saga,NH,43.4997238,-72.37333969,379,27
Salem Maritime National Historical Park,sama,MA,42.52024529,-70.88640867,398,9
Salinas Pueblo Missions National Monument,sapu,NM,34.35423203,-106.2050309,398,15
Salt River Bay National Historical Park and Ecological Preserve,sari,VI,17.77908602,-64.75519348,267,7
San Antonio Missions National Historical Park,saan,TX,29.31262089,-98.4289522,385,15
San Francisco Maritime National Historical Park,safr,CA,37.81005871,-122.4244415,378,19
San Juan Island National Historical Park,sajh,WA,48.51241933,-123.0610277,353,24
San Juan National Historic Site,saju,PR,18.46873857,-66.11848623,393,10
Sand Creek Massacre National Historic Site,sand,CO,38.56414189,-102.5169542,384,6
Santa Fe National Historic Trail,safe,"CO,KS,MO,NM,OK",37.7276522226,-99.921969227,337,9
Santa Monica Mountains National Recreation Area,samo,CA,34.09777606,-118.7708619,299,15
Saratoga National Historical Park,sara,NY,42.99522612,-73.63386108,394,31
Saugus Iron Works National Historic Site,sair,MA,42.46830664,-71.0076953,351,6
Scotts Bluff National Monument,scbl,NE,41.83464193,-103.7071351,365,18
Selma To Montgomery National Historic Trail,semo,AL,32.27082092,-86.72823702,395,9
Sequoia & Kings Canyon National Parks,seki,CA,36.71277299,-118.587429,339,39
Shenandoah National Park,shen,VA,38.49236644,-78.46907715,349,34
Shiloh National Military Park,shil,"TN,MS",35.13850907,-88.3421072,366,20
Sitka National Historical Park,sitk,AK,57.04718173,-135.3156876,358,16
Sleeping Bear Dunes National Lakeshore,slbe,MI,44.92844962,-86.02706591,398,29
Springfield 1908 Race Riot National Monument,spra,IL,39.8027,-89.6422,377,0
Springfield Armory National Historic Site,spar,MA,42.1086368,-72.57967415,400,8
Star-Spangled Banner National Historic Trail,stsp,"MD,VA,DC",39.2872505188,-76.6034317017,391,41
Statue Of Liberty National Monument,stli,NY,40.6898,-74.0451,381,11
Ste. Geneviève National Historical Park,stge,MO,37.9792171421,-90.0432157516,360,7
Steamtown National Historic Site,stea,PA,41.40757521,-75.67037255,399,11
Stones River National Battlefield,stri,TN,35.87608652,-86.43078399,251,23
Stonewall National Monument,ston,NY,40.7337799072,-74.0006866455,243,3
Sunset Crater Volcano National Monument,sucr,AZ,35.37114323,-111.510376,379,9
Tallgrass Prairie National Preserve,tapr,KS,38.44023613,-96.5670822,398,21
Thaddeus Kosciuszko National Memorial,thko,PA,39.94345312,-75.14732045,289,3
The White House and President's Park,whho,DC,38.89541886,-77.03654147,381,9
Theodore Roosevelt Birthplace National Historic Site,thrb,NY,40.7386469,-73.98903703,366,2
Theodore Roosevelt Inaugural National Historic Site,thri,NY,42.90146781,-78.87248411,386,10
Theodore Roosevelt Island,this,DC,38.89584162,-77.06241918,395,8
Theodore Roosevelt National Park,thro,ND,47.17777274,-103.4300083,391,28
Thomas Cole National Historic Site,thco,NY,42.22570607,-73.86154864,391,6
Thomas Edison National Historical Park,edis,NJ,40.78549896,-74.23821139,382,3
Thomas Jefferson Memorial,thje,DC,38.88101431,-77.03632572,96,3
Thomas Stone National Historic Site,thst,MD,38.52934443,-77.037813,217,6
Timpanogos Cave National Monument,tica,UT,40.44039719,-111.7093944,395,4
Timucuan Ecological & Historic Preserve,timu,FL,30.47251894,-81.49950104,260,26
Tonto National Monument,tont,AZ,33.64842945,-111.1135627,384,12
Touro Synagogue National Historic Site,tosy,RI,41.4893,-71.3121,385,3
Trail Of Tears National Historic Trail,trte,"AL,AR,GA,IL,KY,MO,NC,OK,TN",36.0530021046,-89.6761041963,243,8
Tule Lake National Monument,tule,CA,41.88727902,-121.3744818,348,6
Tule Springs Fossil Beds National Monument,tusk,NV,36.3893217,-115.3202223,206,14
Tumacácori National Historical Park,tuma,AZ,31.567824,-111.051223,389,21
Tupelo National Battlefield,tupe,MS,34.25557705,-88.73708623,369,2
Tuskegee Airmen National Historic Site,tuai,AL,32.45538671,-85.67983321,375,4
Tuskegee Institute National Historic Site,tuin,AL,32.42962115,-85.70488498,393,3
Tuzigoot National Monument,tuzi,AZ,34.77296377,-112.0279069,362,9
Ulysses S Grant National Historic Site,ulsg,MO,38.55182374,-90.35169255,309,16
Upper Delaware Scenic & Recreational River,upde,"NY,PA",41.66172578,-75.03861562,400,20
Valles Caldera National Preserve,vall,NM,35.91682872,-106.5195724,344,30
Valley Forge National Historical Park,vafo,PA,40.10054985,-75.44581889,386,20
Vanderbilt Mansion National Historic Site,vama,NY,41.79697937,-73.94205557,195,10
Vicksburg National Military Park,vick,"MS,LA",32.3621286,-90.85030186,393,17
Vietnam Veterans Memorial,vive,DC,38.89096297,-77.04765735,203,3
Virgin Islands Coral Reef National Monument,vicr,VI,18.28996918,-64.70683395,267,15
Virgin Islands National Park,viis,VI,18.34279656,-64.74194451,399,31
Voyageurs National Park,voya,MN,48.48370609,-92.8382913,378,48
Waco Mammoth National Monument,waco,TX,31.60465887,-97.17606143,271,2
Walnut Canyon National Monument,waca,AZ,35.16822994,-111.5024239,289,8
War In The Pacific National Historical Park,wapa,GU,13.43795691,144.6922461,293,8
Washington Monument,wamo,DC,38.88948,-77.035207,126,5
Washington-Rochambeau Revolutionary Route National Historic Trail,waro,"MA,RI,CT,NY,NJ,PA,DE,MD,VA,DC",40.0958204557,-74.8563515109,208,0
Washita Battlefield National Historic Site,waba,OK,35.62083963,-99.70445143,346,14
Weir Farm National Historical Park,wefa,CT,41.25886268,-73.45452542,398,8
Whiskeytown National Recreation Area,whis,CA,40.61359941,-122.6022657,301,44
White Sands National Park,whsa,NM,32.77907858,-106.3333461,385,11
Whitman Mission National Historic Site,whmi,WA,46.04119286,-118.4629388,379,15
William Howard Taft National Historic Site,wiho,OH,39.11970352,-84.50758951,377,7
Wilson's Creek National Battlefield,wicr,MO,37.1000127,-93.40986704,380,27
Wind Cave National Park,wica,SD,43.58012365,-103.4394709,379,25
Wing Luke Museum Affiliated Area,wing,WA,47.59820859,-122.3228912,394,6
Wolf Trap National Park for the Performing Arts,wotr,VA,38.93854526,-77.265089,383,8
Women's Rights National Historical Park,wori,NY,42.90817073,-76.81655558,399,6
World War I Memorial,wwim,DC,38.8959,-77.0329,142,2
World War II Memorial,wwii,DC,38.88923917,-77.0403759,230,3
Wrangell - St Elias National Park & Preserve,wrst,AK,61.4182147,-142.6028439,396,42
Wright Brothers National Memorial,wrbr,NC,36.01637713,-75.66997163,393,5
Wupatki National Monument,wupa,AZ,35.55741077,-111.3957216,400,19
Yellowstone National Park,yell,"ID,MT,WY",44.59824417,-110.5471695,206,53
Yorktown Battlefield Part of Colonial National Historical Park,york,VA,37.2195,-76.4983,392,21
Yosemite National Park,yose,CA,37.84883288,-119.5571873,399,33
Yucca House National Monument,yuho,CO,37.24778944,-108.6861274,376,2
Yukon - Charley Rivers National Preserve,yuch,AK,65.0935608,-142.7960021,397,21
Zion National Park,zion,UT,37.29839254,-113.0265138,379,22
